,school_dist,SAT Critical Reading Avg. Score,SAT Math Avg. Score,SAT Writing Avg. Score,sat_score,AP Test Takers ,Total Exams Taken,Number of Exams with scores 3 4 or 5,Total Cohort,Total Grads - % of cohort,Total Regents - % of cohort,Total Regents - % of grads,Advanced Regents - % of cohort,Advanced Regents - % of grads,Regents w/o Advanced - % of cohort,Regents w/o Advanced - % of grads,Local - % of cohort,Local - % of grads,Still Enrolled - % of cohort,Dropped Out - % of cohort,CSD,NUMBER OF STUDENTS / SEATS FILLED,NUMBER OF SECTIONS,AVERAGE CLASS SIZE,SIZE OF SMALLEST CLASS,SIZE OF LARGEST CLASS,SCHOOLWIDE PUPIL-TEACHER RATIO,schoolyear,fl_percent,frl_percent,total_enrollment,ell_num,ell_percent,sped_num,sped_percent,asian_num,asian_per,black_num,black_per,hispanic_num,hispanic_per,white_num,white_per,male_num,male_per,female_num,female_per,rr_s,rr_t,rr_p,N_s,N_t,N_p,saf_p_11,com_p_11,eng_p_11,aca_p_11,saf_t_11,com_t_11,eng_t_11,aca_t_11,saf_s_11,com_s_11,eng_s_11,aca_s_11,saf_tot_11,com_tot_11,eng_tot_11,aca_tot_11,grade_span_min,grade_span_max,expgrade_span_min,expgrade_span_max,postcode,total_students,number_programs,priority08,priority09,priority10,Community Board,Council District,Census Tract,BIN,BBL,lat,lon
0,01,441.8333333333333,473.3333333333333,439.3333333333333,1354.5,116.68108974358977,173.0192307692308,135.79999999999998,93.5,71.33333333333333,66.41666666666667,90.61666666666667,15.683333333333335,19.783333333333335,50.73333333333333,70.85000000000001,4.916666666666667,9.383333333333333,17.833333333333332,7.083333333333335,1.0,115.24424081035922,5.148538011695907,22.67541510025063,18.7983918128655,26.553044068504594,0.0,20112012.0,0.0,58.98333333333333,668.5,42.166666666666664,10.000000000000002,82.0,17.083333333333332,134.5,17.516666666666666,125.5,22.333333333333332,214.83333333333334,40.73333333333333,186.0,18.45,328.1666666666667,50.050000000000004,340.3333333333333,49.949999999999996,76.5,85.33333333333333,33.166666666666664,525.3680555555555,38.5,239.16666666666666,8.233333333333334,7.8,7.6833333333333345,8.016666666666667,7.066666666666667,6.233333333333333,6.699999999999999,7.5,6.7686111111111105,6.165787037037037,6.736712962962962,7.446898148148148,7.433333333333333,6.816666666666666,7.116666666666667,7.683333333333333,7.910895660203139,12.0,0.0,12.0,10003.166666666666,659.5,1.3333333333333333,0.0,0.0,0.0,3.0,1.5,1106.8333333333333,1004144.3333333334,1003301701.3333334,40.71902243866683,-73.98237720066668
1,02,426.619092039801,444.1862562189055,424.8328358208955,1295.638184079602,128.908453525641,201.5168269230769,157.4958333333333,158.6478494623656,75.45357448630136,64.16607448630137,84.20947880870561,17.921546803652966,20.735280641466208,46.23391124429222,63.472014604810994,11.300099885844752,15.790521191294387,14.785573630136989,7.211786529680363,2.0,149.81894900523238,5.686359681394027,25.03811803956493,20.662667246718133,28.59386142547181,0.0,20112012.0,0.0,63.16458333333333,605.6041666666666,51.625,13.006250000000001,70.77083333333333,13.212499999999997,118.39583333333333,14.479166666666663,141.14583333333334,24.733333333333324,271.4583333333333,49.554166666666696,68.54166666666667,10.05625,266.5,44.71874999999999,339.1041666666667,55.28125,83.3125,86.41666666666667,38.333333333333336,495.1710069444444,31.6875,190.0,8.254166666666665,7.495833333333334,7.379166666666667,7.704166666666668,7.404166666666665,6.520833333333335,7.120833333333333,7.564583333333334,6.910659722222221,6.204056712962963,6.650422453703704,7.385028935185184,7.520833333333333,6.720833333333334,7.037500000000002,7.541666666666665,8.875,12.0,0.0,12.0,10023.770833333334,621.3958333333334,1.4166666666666667,0.0,0.0,0.0,4.204005078485688,2.9632963988919667,1132.479743767313,1103862.1953703705,1070437734.9802084,40.73969949983341,-73.99138567329169
2,03,428.52985074626866,437.99751243781094,426.91567164179105,1293.4430348258709,156.18349358974362,244.52243589743588,193.08749999999998,183.38440860215053,74.02993721461186,63.879937214611864,84.65077319587628,16.38812785388128,19.810481099656354,47.499800228310505,64.85678694158075,10.14183789954338,15.349226804123708,15.522888127853884,7.045205479452053,3.0,156.00599435286935,5.839200498575498,23.71631066849817,19.737592846967846,27.12283145095645,0.0,20112012.0,0.0,58.050000000000004,661.4166666666666,36.916666666666664,9.025000000000002,63.583333333333336,14.5,68.0,6.408333333333334,181.83333333333334,34.0,228.25,44.53333333333333,172.0,13.725000000000001,272.1666666666667,47.95000000000001,389.25,52.04999999999998,83.16666666666667,80.83333333333333,36.166666666666664,519.25,28.166666666666668,206.41666666666666,8.316666666666666,7.541666666666668,7.508333333333333,7.758333333333333,6.675,5.991666666666667,6.533333333333334,6.9916666666666645,6.716666666666666,6.258333333333333,6.6333333333333355,7.374999999999999,7.233333333333334,6.616666666666666,6.891666666666667,7.391666666666666,8.5,12.0,0.0,12.0,10023.75,717.9166666666666,2.0,0.0,0.0,0.0,7.5,6.5,166.66666666666666,1034931.3333333334,1012833358.6666666,40.781574109500006,-73.97737016149999
3,04,402.14285714285717,416.2857142857143,405.7142857142857,1224.142857142857,129.01648351648353,183.87912087912088,151.03571428571428,113.85714285714286,76.25714285714285,57.42857142857143,72.18571428571428,14.1,16.28571428571429,43.32857142857143,55.90000000000001,18.82857142857143,27.814285714285713,14.557142857142859,6.542857142857143,4.0,132.36226490596238,5.1926103774843275,24.101048419367746,19.740816326530613,27.460290782979857,0.0,20112012.0,0.0,71.00000000000001,569.2857142857143,21.571428571428573,4.557142857142857,58.57142857142857,13.214285714285714,61.142857142857146,6.128571428571428,151.71428571428572,30.02857142857143,341.57142857142856,61.40000000000001,9.285714285714286,1.3142857142857143,193.28571428571428,30.514285714285712,376.0,69.48571428571428,87.57142857142857,92.71428571428571,41.285714285714285,504.85714285714283,32.42857142857143,193.14285714285714,8.385714285714286,7.6571428571428575,7.499999999999999,7.92857142857143,7.871428571428571,7.042857142857143,7.428571428571429,7.885714285714286,6.885714285714285,6.114285714285714,6.685714285714286,7.571428571428571,7.714285714285714,6.942857142857143,7.185714285714285,7.785714285714286,8.142857142857142,12.0,0.0,12.0,10029.857142857143,580.8571428571429,1.1428571428571428,0.0,0.0,0.0,11.0,8.0,2637.0,1055873.857142857,1016681457.5714285,40.79344884285742,-73.94321519514286
4,05,427.1599147121536,438.2366737739872,419.66609808102345,1285.062686567164,85.72252747252749,115.72527472527473,142.46428571428572,143.67741935483872,75.20088062622308,68.87230919765166,90.58183603338242,22.205479452054792,25.32626411389297,46.666438356164385,65.24108983799705,6.314481409001958,9.418163966617572,14.402348336594917,7.737377690802347,5.0,120.6239010989011,4.845100732600733,24.290247252747253,20.447527472527472,27.746703296703295,0.0,20112012.0,0.0,58.67142857142858,605.8571428571429,21.571428571428573,4.157142857142857,59.714285714285715,10.428571428571429,32.714285714285715,7.3,342.57142857142856,49.0,195.57142857142858,36.214285714285715,31.285714285714285,6.714285714285714,300.0,48.47142857142858,305.85714285714283,51.52857142857142,82.85714285714286,79.28571428571429,40.42857142857143,442.42857142857144,27.714285714285715,184.85714285714286,8.085714285714287,7.3428571428571425,7.3571428571428585,7.685714285714285,6.857142857142857,5.885714285714286,6.242857142857142,6.957142857142856,6.314285714285714,6.0,6.428571428571429,7.285714285714286,7.0857142857142845,6.414285714285714,6.671428571428571,7.314285714285715,7.714285714285714,12.0,0.0,12.0,10030.142857142857,609.8571428571429,1.1428571428571428,0.0,0.0,0.0,9.428571428571429,8.142857142857142,9372.57142857143,1063079.7142857143,1019721487.7142857,40.817076564999994,-73.94925139814286
5,06,382.0119402985075,400.565671641791,382.06626865671643,1164.643880597015,108.71153846153848,159.7153846153846,105.425,180.8483870967742,69.81123287671232,54.13123287671233,76.66457044673538,12.277671232876715,16.586769759450167,41.87301369863014,60.05752577319587,15.680273972602743,23.3354295532646,16.793287671232882,9.722328767123285,6.0,139.04170891973524,5.285859520596363,25.324198621553887,20.556125971981235,29.21787160208213,0.0,20112012.0,0.0,84.25,621.8,165.7,30.04,80.1,14.95,7.8,0.8099999999999999,82.0,11.47,523.9,86.37999999999998,5.0,0.72,333.6,53.79,288.2,46.21,85.0,83.5,54.6,482.3,33.0,261.5,8.53,7.990000000000002,7.749999999999998,8.05,7.49,6.609999999999999,7.06,7.659999999999999,6.95,6.15,6.7,7.510000000000001,7.659999999999999,6.919999999999999,7.17,7.76,8.1,12.0,0.0,12.0,10036.2,628.9,1.3,0.0,0.0,0.0,11.179224376731302,10.823822714681441,2765.7027700831027,1226037.0188888889,1170781280.0025,40.8489699694,-73.93250229019999
6,07,376.46153846153845,380.46153846153845,371.9230769230769,1128.8461538461538,73.70340236686391,112.47633136094674,105.27692307692308,105.60545905707197,67.14662802950474,51.2004741833509,73.83637324874438,8.672181243414121,11.34491144594237,42.53577449947313,62.50674068199841,15.946259220231822,26.16362675125562,16.516649104320337,11.173972602739724,7.0,97.59741647241647,4.146610334110334,23.56003676878677,19.394465256965255,27.004051504051503,0.0,20112012.0,0.0,79.63076923076923,481.0,72.0,16.661538461538463,84.84615384615384,17.446153846153845,8.0,1.7076923076923074,144.46153846153845,29.253846153846155,322.0,67.6076923076923,3.769230769230769,0.8,261.7692307692308,53.13846153846154,219.23076923076923,46.86153846153846,80.53846153846153,77.15384615384616,42.92307692307692,376.2307692307692,25.846153846153847,187.6153846153846,8.423076923076922,7.761538461538461,7.6,7.907692307692306,6.9692307692307685,6.315384615384615,6.784615384615384,7.284615384615384,6.800000000000001,6.184615384615385,6.6461538461538465,7.453846153846153,7.392307692307693,6.746153846153846,7.007692307692308,7.553846153846154,8.307692307692308,12.0,0.0,12.0,10452.692307692309,465.84615384615387,1.4615384615384615,0.0,0.0,0.0,1.6923076923076923,12.846153846153847,58.53846153846154,2032561.6923076923,2024050085.8461537,40.816814838615386,-73.91997148053845
7,08,386.21438263229305,395.5427408412483,377.9080054274084,1159.6651289009499,118.37937062937063,168.020979020979,144.7318181818182,215.51026392961876,59.51447696139478,44.75993150684931,73.60993439550138,6.968866749688669,10.611433926897842,37.799782067247826,62.9892221180881,14.745641344956415,26.39006560449859,22.88860523038606,14.367496886674967,8.0,129.76509854954128,5.165710386105122,23.813192294032078,19.38535469948009,27.36214127719546,0.0,20112012.0,0.0,76.66363636363634,684.5454545454545,72.9090909090909,15.79090909090909,140.54545454545453,19.60909090909091,30.272727272727273,2.809090909090909,179.8181818181818,27.809090909090912,433.54545454545456,66.10909090909091,36.18181818181818,2.5545454545454547,355.0,45.45454545454545,329.54545454545456,54.54545454545455,69.45454545454545,77.63636363636364,36.63636363636363,459.83712121212125,34.0,148.54545454545453,8.172727272727272,7.636363636363637,7.454545454545454,7.718181818181819,7.1090909090909085,6.254545454545453,6.781818181818181,7.390909090909091,6.364696969696968,5.954065656565657,6.4018434343434345,7.143762626262627,7.218181818181819,6.645454545454545,6.863636363636363,7.409090909090909,8.454545454545455,12.0,0.0,12.0,10467.0,547.6363636363636,1.2727272727272727,0.0,0.0,0.0,7.2727272727272725,16.727272727272727,67.9090909090909,2037043.3636363635,2036722747.909091,40.82380315027273,-73.8660873901818
8,09,373.7559701492537,383.5828358208955,374.6331343283582,1131.9719402985074,71.41153846153847,104.26538461538459,98.47000000000001,113.33064516129032,67.60796232876713,51.35296232876711,74.99046391752577,7.747876712328768,10.466288659793813,43.6048801369863,64.51407216494844,16.25510273972603,25.00953608247423,21.308732876712327,8.572123287671232,9.0,100.11858848667673,4.335503618113913,23.98637927350427,19.543005458593694,28.44712763951734,0.0,20112012.0,0.0,76.8,442.8,78.9,19.945,74.15,16.654999999999998,7.0,1.48,151.9,33.11,278.25,64.135,3.0,0.6649999999999999,220.7,48.99499999999999,222.05,50.995000000000005,84.2,84.65,40.65,349.15,25.45,162.3,8.510000000000002,7.9300000000000015,7.754999999999998,8.08,6.935,6.305000000000001,6.904999999999999,7.355000000000001,6.654999999999999,6.145,6.705,7.49,7.364999999999999,6.794999999999999,7.109999999999999,7.664999999999999,8.25,12.0,0.0,12.0,10456.1,449.7,1.15,0.0,0.0,0.0,3.55,15.75,5243.75,2022457.15,2027913013.35,40.83634865645024,-73.90624017769998
9,10,403.3636363636364,418.0,400.8636363636364,1222.2272727272727,132.2312062937063,226.91433566433568,191.6181818181818,161.3181818181818,68.6569582814446,55.779685554171856,79.71983755076538,16.609962640099624,20.18826929084661,39.16511519302615,59.53608247422679,12.881849315068491,20.280162449234613,18.14355541718556,10.103673723536739,10.0,168.87652567161084,6.512691384982406,24.244350372494726,18.897297484507238,28.583860046901847,0.0,20112012.0,0.0,72.26818181818182,818.5454545454545,129.0909090909091,18.177272727272726,99.04545454545455,13.622727272727275,119.68181818181819,6.631818181818182,169.0909090909091,23.027272727272727,453.54545454545456,63.27272727272726,71.4090909090909,6.527272727272726,413.1818181818182,48.58636363636364,405.3636363636364,51.41363636363636,82.72727272727273,82.13636363636364,43.0,648.7727272727273,43.5,303.59090909090907,8.272727272727272,7.7681818181818185,7.622727272727272,7.927272727272729,6.972727272727273,6.154545454545453,6.7,7.309090909090909,6.577272727272727,6.040909090909093,6.654545454545455,7.409090909090909,7.268181818181817,6.645454545454545,6.986363636363635,7.536363636363637,8.318181818181818,12.0,0.0,12.0,10463.181818181818,757.8636363636364,1.5,0.0,0.0,0.0,7.0,12.227272727272727,1686.0454545454545,1856268.0909090908,1850557834.7727273,40.87034531840914,-73.89835998022726
10,11,389.8666666666667,394.53333333333336,380.6,1165.0,83.81346153846154,122.48461538461537,108.83333333333334,122.86666666666666,70.71333333333334,54.333333333333336,75.30666666666666,8.893333333333334,11.613333333333335,45.440000000000005,63.70000000000001,16.38,24.693333333333335,18.18,8.466666666666667,11.0,129.03103145936737,5.037051902632397,24.956523002768357,19.78446938424492,29.52354894589414,0.0,20112012.0,0.0,66.96000000000001,562.4666666666667,61.666666666666664,12.13333333333333,105.6,17.38,19.8,3.8466666666666662,243.0,41.34666666666667,278.26666666666665,50.84666666666667,16.4,3.1133333333333337,319.8666666666667,55.89999999999999,242.6,44.1,80.4,79.93333333333334,42.46666666666667,400.73333333333335,27.466666666666665,190.8,8.053333333333333,7.6933333333333325,7.546666666666668,7.826666666666665,7.026666666666666,6.766666666666666,6.999999999999999,7.540000000000001,6.1866666666666665,5.746666666666666,6.26,7.213333333333334,7.086666666666665,6.74,6.94,7.526666666666666,9.0,12.0,0.0,12.0,10467.933333333332,563.6666666666666,1.5333333333333334,0.0,0.0,0.0,11.466666666666667,12.266666666666667,6469.733333333334,2064513.5333333334,2046690713.0666666,40.87313832913333,-73.8561195362
11,12,364.7699004975124,379.1094527363184,357.94378109452737,1101.8231343283583,93.1025641025641,139.44230769230765,153.45000000000002,110.46774193548386,65.4593607305936,49.89269406392694,76.17880870561281,6.514726027397262,8.680641466208472,43.37751141552511,67.4979381443299,15.558561643835617,23.821191294387166,20.09440639269407,10.218607305936072,12.0,91.68450410313801,4.151865335601791,22.21207760301704,18.48731245105084,25.804834326535175,0.0,20112012.0,0.0,81.73333333333333,391.0,105.5,27.14166666666667,70.66666666666667,17.21666666666667,5.5,1.5916666666666666,109.75,28.075000000000003,271.75,69.275,3.0,0.8250000000000002,199.91666666666666,50.13333333333335,191.08333333333334,49.86666666666665,80.0,79.75,49.166666666666664,277.3333333333333,21.166666666666668,163.08333333333334,8.65,8.008333333333335,7.808333333333334,8.166666666666666,7.266666666666668,6.758333333333333,7.25,7.816666666666667,7.116666666666667,6.566666666666667,7.116666666666666,7.783333333333334,7.666666666666667,7.1000000000000005,7.391666666666667,7.916666666666665,8.5,12.0,0.0,12.0,10463.166666666666,409.0,1.0833333333333333,0.0,0.0,0.0,5.083333333333333,17.0,120.08333333333333,2024516.25,2032602514.75,40.83141226741667,-73.88694636583334
12,13,409.3938002296211,424.12743972445463,403.6663605051665,1237.1876004592423,232.9319526627219,382.70414201183434,320.77307692307687,224.59553349875932,74.68508956796629,62.23893572181243,81.3748347872059,20.31064278187566,24.321834522865444,41.95115911485774,57.04520222045995,12.453951527924131,18.62516521279408,17.84741833508957,5.373972602739726,13.0,218.30605514031623,8.00384158127073,24.621783576297748,19.62524073991685,28.672264858398464,0.0,20112012.0,0.0,63.861538461538466,902.0,35.46153846153846,8.723076923076924,65.6923076923077,12.084615384615386,272.46153846153845,10.453846153846154,416.0,68.47692307692307,110.0,16.27692307692308,96.23076923076923,3.623076923076922,482.7692307692308,48.70769230769231,419.2307692307692,51.29230769230769,84.15384615384616,77.61538461538461,35.76923076923077,759.8461538461538,40.0,318.38461538461536,8.330769230769231,7.700000000000001,7.6923076923076925,7.884615384615385,7.092307692307691,6.8307692307692305,7.069230769230769,7.6,6.407692307692307,6.069230769230769,6.576923076923077,7.376923076923077,7.269230769230769,6.86923076923077,7.1230769230769235,7.607692307692307,8.538461538461538,12.0,0.0,12.0,11207.153846153846,895.1538461538462,2.076923076923077,0.0,0.0,0.0,2.6153846153846154,33.84615384615385,100.84615384615384,3149542.6923076925,3009073088.1538463,40.69286456007693,-73.9770159906923
13,14,395.93710021321965,398.1897654584222,385.33304904051175,1179.4599147121535,77.79807692307693,114.87362637362637,123.28214285714287,112.34792626728111,69.43615459882582,55.0075831702544,77.08377515954835,7.502739726027398,8.791703485517917,47.49750489236792,68.29911634756995,14.421526418786694,22.916224840451644,19.53688845401174,8.38297455968689,14.0,123.64372819640677,4.905127114948543,24.311291208791207,19.55494505494506,28.511594060701203,0.0,20112012.0,0.0,75.92857142857143,556.2142857142857,57.785714285714285,9.485714285714286,97.71428571428571,18.599999999999998,19.5,3.8714285714285714,222.42857142857142,42.228571428571435,291.92857142857144,49.66428571428572,18.714285714285715,3.507142857142857,324.7142857142857,58.050000000000004,231.5,41.942857142857136,77.71428571428571,85.5,35.07142857142857,395.64285714285717,32.42857142857143,158.21428571428572,8.357142857142858,7.864285714285715,7.7357142857142875,7.971428571428571,7.2714285714285705,6.6499999999999995,7.257142857142857,7.735714285714287,6.685714285714285,6.207142857142857,6.742857142857143,7.507142857142859,7.435714285714286,6.9142857142857155,7.25,7.750000000000001,8.571428571428571,12.0,0.0,12.0,11210.785714285714,545.3571428571429,2.0,0.0,0.0,0.0,1.1428571428571428,33.642857142857146,491.14285714285717,3142768.714285714,3026164290.142857,40.711599394785786,-73.9483599972857
14,15,395.67993366500826,404.6285240464345,390.2958540630182,1190.604311774461,94.57478632478633,141.58119658119656,153.45000000000002,104.2078853046595,64.50589802130898,47.76145357686453,72.84849179075982,3.91324200913242,5.64910271095838,43.836948249619475,67.19931271477662,16.744520547945207,27.15150820924017,23.950913242009133,6.808980213089801,15.0,135.70731922398588,5.2365883390393195,25.423643272123666,20.900953159041396,29.287014991181664,0.0,20112012.0,0.0,70.8,562.6666666666666,48.888888888888886,8.844444444444443,103.33333333333333,17.866666666666667,26.333333333333332,4.966666666666667,251.77777777777777,47.0,246.11111111111111,41.26666666666667,36.44444444444444,6.377777777777777,270.6666666666667,48.21111111111111,292.0,51.788888888888884,81.44444444444444,82.88888888888889,32.333333333333336,433.0,34.77777777777778,170.0,8.077777777777778,7.577777777777778,7.477777777777778,7.844444444444444,6.566666666666666,5.877777777777776,6.288888888888889,7.011111111111111,6.177777777777778,5.9,6.333333333333334,7.222222222222222,6.933333333333334,6.444444444444445,6.7,7.366666666666666,7.666666666666667,12.0,0.0,12.0,11214.222222222223,573.1111111111111,1.6666666666666667,0.0,0.0,0.0,5.666666666666667,36.22222222222222,95.33333333333333,3091898.777777778,3006328895.111111,40.67597201177778,-73.98925499922221
15,16,371.52985074626866,379.1641791044776,369.41567164179105,1120.1097014925374,82.26442307692308,126.51923076923077,153.45,247.18548387096774,64.3265410958904,52.5015410958904,80.81821305841923,8.73458904109589,11.545962199312708,43.766267123287676,69.32190721649485,11.825342465753428,19.18178694158075,22.2541095890411,9.340410958904108,16.0,177.50128205128206,6.9705128205128215,24.234006410256406,18.070192307692306,29.308333333333334,0.0,20112012.0,0.0,66.14999999999999,658.5,18.75,3.7249999999999996,131.75,19.775,4.75,1.075,562.0,80.14999999999999,80.75,16.9,4.5,0.925,377.75,53.4,280.75,46.6,68.5,75.25,19.5,458.0,31.5,122.0,7.375,6.9,6.875,7.075,5.75,5.25,6.025,6.275,5.875,5.775,6.225,7.1000000000000005,6.325000000000001,5.9750000000000005,6.375,6.824999999999999,9.0,12.0,0.0,12.0,11219.0,440.25,1.75,0.0,0.0,0.0,3.0,37.25,307.0,3131324.75,3016037501.0,40.688007514,-73.92968620575
16,17,386.57142857142856,394.07142857142856,380.7857142857143,1161.4285714285713,105.58379120879123,163.0879120879121,111.3607142857143,121.35714285714286,68.56428571428572,54.49285714285714,79.03831615120274,8.12857142857143,11.431566028473243,46.35,67.59955817378498,14.064285714285717,20.961683848797254,22.564285714285717,6.492857142857143,17.0,130.24619219482665,5.135694405967515,25.40885406085511,20.284340915853523,29.620045518207284,0.0,20112012.0,0.0,67.63571428571427,554.2857142857143,52.357142857142854,11.28571428571429,54.57142857142857,10.62142857142857,16.857142857142858,3.607142857142857,474.2857142857143,83.07142857142857,50.642857142857146,10.664285714285716,9.0,2.05,242.85714285714286,47.99999999999999,311.42857142857144,52.00000000000001,78.78571428571429,77.71428571428571,41.214285714285715,426.42857142857144,27.357142857142858,209.85714285714286,7.835714285714287,7.6428571428571415,7.549999999999999,7.828571428571428,6.957142857142856,6.6000000000000005,7.192857142857143,7.642857142857143,6.007142857142858,5.885714285714286,6.3999999999999995,7.228571428571429,6.935714285714285,6.707142857142858,7.0357142857142865,7.57142857142857,7.928571428571429,12.0,0.0,12.0,11220.642857142857,547.0714285714286,1.6428571428571428,0.0,0.0,0.0,10.785714285714286,37.857142857142854,556.1428571428571,3178521.0,3033695005.928571,40.66031269000022,-73.95563569785713
17,18,373.45454545454544,373.09090909090907,371.45454545454544,1118.0,129.02884615384616,197.03846153846152,153.45000000000002,72.77126099706744,70.45308219178081,57.35308219178081,79.73642611683843,14.519178082191784,18.141924398625413,42.83253424657534,61.59381443298969,13.10068493150686,20.263573883161506,18.358219178082205,8.380821917808218,18.0,72.20943810973716,3.3179547525839386,22.10253793920062,18.814864123117715,25.448084484627543,0.0,20112012.0,0.0,65.89999999999999,332.27272727272725,29.545454545454547,8.754545454545454,53.36363636363637,16.363636363636367,4.181818181818182,1.2363636363636366,290.27272727272725,87.32727272727271,32.36363636363637,9.718181818181819,3.727272727272727,1.1636363636363638,164.9090909090909,51.22727272727272,167.36363636363637,48.77272727272727,78.18181818181819,83.36363636363636,31.454545454545453,222.1818181818182,18.454545454545453,89.18181818181819,8.272727272727273,7.718181818181819,7.572727272727272,7.963636363636365,6.890909090909091,6.4,6.9363636363636365,7.390909090909091,6.1909090909090905,6.018181818181817,6.409090909090909,7.20909090909091,7.109090909090909,6.718181818181819,6.963636363636365,7.527272727272727,9.0,12.0,0.0,12.0,11224.0,344.0,1.0909090909090908,0.0,0.0,0.0,17.636363636363637,45.27272727272727,950.7272727272727,3182084.5454545454,3068627277.3636365,40.64186277663636,-73.91472575354544
18,19,367.0833333333333,377.5833333333333,359.1666666666667,1103.8333333333333,88.09775641025641,124.76923076923076,120.67083333333335,114.3225806451613,61.2093607305936,45.17602739726027,69.44547537227947,7.781392694063929,10.630641466208473,37.38584474885845,58.79793814432989,16.016894977168953,30.5545246277205,25.877739726027404,10.185273972602738,19.0,105.75262452975302,4.247924382763778,24.314441945545855,19.921010870149804,28.148995751840175,0.0,20112012.0,0.0,71.83333333333333,492.5,62.833333333333336,14.941666666666668,75.66666666666667,15.291666666666664,15.75,3.1916666666666664,285.0,55.066666666666656,182.66666666666666,39.916666666666664,5.833333333333333,1.1500000000000001,284.5,53.724999999999994,208.0,46.275,70.83333333333333,89.16666666666667,34.083333333333336,311.9166666666667,28.5,141.33333333333334,7.591666666666666,7.575,7.375,7.658333333333332,6.516666666666667,6.3999999999999995,6.766666666666666,7.308333333333334,6.1499999999999995,5.933333333333334,6.458333333333333,7.141666666666667,6.758333333333333,6.641666666666667,6.866666666666667,7.350000000000001,8.75,12.0,0.0,12.0,11207.5,440.4166666666667,1.9166666666666667,0.0,0.0,0.0,5.0,39.5,1158.8333333333333,3108753.5,3039994175.0,40.67654695925008,-73.88215766991665
19,20,406.22388059701495,465.7313432835821,401.73253731343283,1273.68776119403,227.80576923076924,359.4076923076923,177.69,591.3741935483871,65.83061643835616,55.93061643835616,83.9672852233677,23.023835616438355,34.12838487972508,32.906506849315065,49.81876288659794,9.880136986301371,16.0327147766323,20.671643835616443,11.396164383561644,20.0,420.02976608187134,14.721019214703427,25.42336591478697,17.68156223893066,29.74583124477861,0.0,20112012.0,0.0,65.84,2462.6,601.4,20.8,341.2,15.139999999999997,844.6,32.92,186.8,12.620000000000001,766.0,32.3,658.2,21.839999999999996,1345.2,44.92,1117.4,55.08,64.4,78.2,25.0,1360.2,107.0,602.4,7.92,7.18,7.24,7.459999999999999,7.8199999999999985,7.659999999999999,7.8,8.279999999999998,7.12,6.34,7.039999999999999,7.639999999999999,7.62,7.08,7.38,7.8,8.4,12.0,0.0,12.0,11210.2,2521.4,3.8,0.0,0.0,0.0,11.0,43.4,199.2,3143344.8,3058004011.8,40.62675101020001,-74.0061905308
20,21,395.2835820895523,421.78697421981,389.24206241519676,1206.312618724559,135.46765734265736,203.83566433566432,142.37727272727273,275.3519061583578,62.98720423412203,51.63265877957658,79.80993439550139,13.532503113325028,19.138706654170566,38.081600249066,60.671040299906274,11.372914072229143,20.190065604498592,22.734059775840603,11.112951432129513,21.0,224.7029894254353,8.191627464382883,25.284294492916786,20.167110289091706,28.885219733826542,0.0,20112012.0,0.0,62.22727272727272,1160.0,160.9090909090909,17.163636363636364,157.36363636363637,14.454545454545451,262.09090909090907,17.272727272727273,364.90909090909093,33.40909090909091,230.45454545454547,23.409090909090914,297.45454545454544,25.527272727272734,616.0909090909091,58.17272727272727,543.9090909090909,41.82727272727272,79.27272727272727,89.18181818181819,34.54545454545455,930.5454545454545,64.45454545454545,336.1818181818182,7.818181818181818,7.336363636363637,7.263636363636365,7.527272727272727,7.072727272727272,6.4,6.963636363636363,7.472727272727273,6.390909090909091,6.081818181818182,6.5,7.163636363636363,7.090909090909091,6.609090909090909,6.909090909090909,7.390909090909091,8.454545454545455,12.0,0.0,12.0,11221.0,1098.2727272727273,3.272727272727273,0.0,0.0,0.0,12.909090909090908,46.81818181818182,360.72727272727275,3187466.909090909,3069480035.7272725,40.59359646018191,-73.97846547554545
21,22,473.5,502.75,474.25,1450.5,391.00721153846155,614.5096153846154,370.3625,580.25,86.325,81.4,93.9,44.275,50.25,37.125,43.650000000000006,4.95,6.1,8.775,4.45,22.0,495.27936876504987,15.777390780873752,30.077635878912968,22.509674922600617,33.46474028207774,0.0,20112012.0,0.0,44.225,2142.5,138.25,4.3999999999999995,166.25,6.65,507.75,17.975,622.25,35.1,271.0,12.35,732.0,33.974999999999994,1015.75,44.3,1126.75,55.7,90.25,87.5,48.75,1887.25,89.5,1106.25,8.3,7.324999999999999,7.525,7.775,8.175,7.3999999999999995,7.6,8.2,7.025,6.05,6.775,7.5,7.85,6.9,7.3,7.85,9.0,12.0,0.0,12.0,11223.0,2149.0,2.25,0.0,0.0,0.0,12.75,45.0,633.5,3260954.25,3071057542.75,40.61828543450025,-73.95228777275
22,23,380.6666666666667,398.6666666666667,378.0,1157.3333333333333,29.0,31.0,153.45,87.0,68.76666666666667,50.800000000000004,73.56666666666666,9.733333333333333,13.766666666666666,41.06666666666667,59.800000000000004,17.933333333333334,26.433333333333334,20.966666666666665,5.533333333333334,23.0,120.11309523809524,4.9851190476190474,24.299702380952382,18.654761904761905,28.99404761904762,0.0,20112012.0,0.0,70.39999999999999,503.6666666666667,8.0,1.5999999999999999,68.66666666666667,14.466666666666667,6.0,1.1333333333333335,438.0,87.13333333333333,53.333333333333336,10.600000000000001,3.3333333333333335,0.5666666666666667,221.33333333333334,44.43333333333334,282.3333333333333,55.56666666666666,84.0,73.66666666666667,40.666666666666664,420.3333333333333,25.333333333333332,175.0,7.900000000000001,7.533333333333334,7.566666666666666,7.7,7.033333333333334,6.433333333333334,6.666666666666667,7.366666666666667,6.233333333333334,6.066666666666666,6.766666666666667,7.566666666666666,7.066666666666666,6.7,7.0,7.566666666666666,8.0,12.0,0.0,12.0,11219.0,391.0,1.3333333333333333,0.0,0.0,0.0,16.0,41.0,12783.0,3067259.0,3028433334.3333335,40.66858640233333,-73.912297927
23,24,405.84615384615387,434.0,402.15384615384613,1242.0,126.47485207100593,179.094674556213,115.16538461538462,234.68238213399505,69.54662802950473,60.4004741833509,85.37483478720591,14.226027397260278,19.16798836901929,46.16654373024236,66.1990483743061,9.146259220231824,14.625165212794077,20.7781875658588,7.643203371970495,24.0,213.4719034359306,8.613529425576935,23.865936020364757,18.565039516792908,28.251470864479913,0.0,20112012.0,0.0,62.58461538461539,991.0,179.76923076923077,21.069230769230764,97.07692307692308,9.607692307692307,182.69230769230768,17.176923076923075,74.76923076923077,7.799999999999999,616.6153846153846,63.41538461538461,113.46153846153847,11.284615384615384,572.7692307692307,51.64615384615384,418.2307692307692,48.35384615384616,83.84615384615384,83.23076923076923,35.69230769230769,765.4615384615385,47.76923076923077,247.69230769230768,8.461538461538463,7.684615384615384,7.56923076923077,7.86923076923077,7.66923076923077,6.569230769230767,7.23076923076923,7.723076923076923,7.107692307692307,6.169230769230769,6.7846153846153845,7.5,7.753846153846154,6.807692307692308,7.1923076923076925,7.707692307692309,8.846153846153847,12.0,0.0,12.0,11206.153846153846,962.4615384615385,2.230769230769231,0.0,0.0,0.0,2.8461538461538463,25.692307692307693,3626.5384615384614,4116108.6923076925,4009562319.6923075,40.74062129176931,-73.91151770399999
24,25,437.25,483.5,436.25,1357.0,205.26081730769232,279.8894230769231,174.79375,268.73387096774195,71.3566352739726,62.8191352739726,86.44205326460481,21.752397260273973,25.89274054982818,41.079066780821925,60.56172680412371,8.537585616438358,13.557946735395188,17.994777397260275,8.697602739726028,25.0,280.5760065227171,9.990385318263607,27.10626982118758,21.21318882141251,31.37121991677913,0.0,20112012.0,0.0,52.949999999999996,1356.75,257.5,19.737499999999997,136.75,9.975000000000001,465.25,40.599999999999994,240.375,13.0625,494.0,29.237500000000004,148.875,16.5375,669.5,48.5,687.25,51.49999999999999,87.0,78.5,37.625,1028.25,56.0,370.875,8.174999999999999,7.5375,7.4125,7.6875,7.4875,6.825000000000001,7.2,7.7125,6.9125,6.15,6.712500000000001,7.3999999999999995,7.525,6.8374999999999995,7.112500000000001,7.6125,7.875,12.0,0.0,12.0,11361.0,1288.875,1.875,0.0,0.0,0.0,8.0,21.875,10598.875,4217177.875,4058887536.0,40.745414434625,-73.815557597875
25,26,445.2,487.6,444.8,1377.6,410.6057692307692,632.4076923076923,392.09000000000003,825.6,76.17999999999999,65.63999999999999,85.97999999999999,29.639999999999997,38.10000000000001,36.02,47.9,10.540000000000001,14.02,16.240000000000002,5.54,26.0,595.953216374269,19.240116959064327,29.971140350877192,20.315789473684212,33.554327485380114,0.0,20112012.0,0.0,43.8,2991.6,248.6,7.4799999999999995,350.0,11.959999999999999,1259.2,38.14,676.4,28.419999999999998,604.8,19.380000000000003,432.4,13.419999999999998,1475.0,49.21999999999999,1516.6,50.78000000000001,67.0,83.4,23.8,1930.8,129.8,684.2,7.7200000000000015,6.9799999999999995,7.220000000000001,7.26,7.0,6.58,6.840000000000001,7.26,6.76,6.06,6.660000000000001,7.38,7.139999999999999,6.539999999999999,6.9,7.3,9.0,12.0,0.0,12.0,11388.6,2837.4,4.6,0.0,0.0,0.0,11.8,21.6,28776.6,4228215.2,4072510015.4,40.7485073700002,-73.7591757022
26,27,407.8,422.2,394.3,1224.3,100.61153846153846,145.31538461538463,95.125,288.9612903225806,69.83123287671233,56.05123287671231,78.10457044673538,11.467671232876715,14.816769759450167,44.58301369863013,63.28752577319587,13.790273972602739,21.8954295532646,18.56328767123288,9.292328767123285,27.0,249.32453592159473,9.019043409291088,26.649658873977764,20.757534708153905,30.9380814575861,0.0,20112012.0,0.0,61.34000000000001,1148.2,117.8,6.82,134.6,11.95,263.1,16.889999999999997,365.7,39.76,394.1,31.380000000000006,103.9,10.75,610.7,52.39999999999999,537.5,47.60000000000001,76.9,86.5,40.9,775.1,59.2,276.8,7.830000000000001,7.4,7.369999999999999,7.640000000000001,6.93,6.779999999999999,7.06,7.630000000000001,6.390000000000001,5.999999999999999,6.499999999999998,7.31,7.010000000000001,6.709999999999999,6.95,7.510000000000001,8.1,12.0,0.0,12.0,11556.3,1072.0,2.5,0.0,0.0,0.0,12.0,30.5,39899.9,4285880.2,4131440016.3,40.63882803050021,-73.8078232347
27,28,445.9416553595658,465.9972862957938,435.9080054274084,1347.8469470827679,182.01048951048952,273.5594405594406,175.33636363636364,351.21407624633434,77.31503735990037,64.90594645080945,82.10746641674474,25.608717310087176,29.237238363011556,39.29660647571606,52.86082474226804,12.400311332503115,17.89253358325523,14.444645080946456,6.3731008717310065,28.0,255.38116352601648,8.719057747065767,26.77080745383553,21.349816152356258,30.172038181663847,0.0,20112012.0,0.0,53.790909090909096,1210.6363636363637,87.36363636363636,4.963636363636365,123.45454545454545,9.82727272727273,403.72727272727275,31.34545454545454,343.72727272727275,37.50909090909091,283.45454545454544,19.954545454545453,165.63636363636363,9.4,590.3636363636364,45.86363636363637,620.2727272727273,54.13636363636363,85.0909090909091,85.54545454545455,40.54545454545455,872.5454545454545,54.72727272727273,362.6363636363636,8.172727272727272,7.59090909090909,7.472727272727272,7.781818181818182,7.6,7.145454545454545,7.363636363636363,7.972727272727273,6.627272727272728,6.081818181818182,6.618181818181818,7.454545454545453,7.463636363636363,6.9363636363636365,7.145454545454545,7.745454545454546,7.909090909090909,12.0,0.0,12.0,11422.0,1304.2727272727273,2.5454545454545454,0.0,0.0,0.0,8.727272727272727,25.818181818181817,498.27272727272725,4336396.0,4086008291.3636365,40.709344362000095,-73.80636738127274
28,29,395.7649253731343,399.4570895522388,386.7078358208955,1181.9298507462686,63.38581730769231,96.51442307692308,135.26875,98.10887096774194,73.0441352739726,56.5566352739726,77.3045532646048,10.01489726027397,13.917740549828178,46.55406678082191,63.37422680412371,16.487585616438356,22.69544673539519,17.819777397260275,7.872602739726026,29.0,88.37215544871795,3.454193376068376,25.35563167735043,21.40920138888889,28.6727297008547,0.0,20112012.0,0.0,52.3625,428.25,12.625,2.9124999999999996,56.125,13.0375,20.75,4.824999999999999,359.875,83.98750000000001,39.0,9.15,4.125,1.05,219.875,51.862500000000004,208.375,48.1375,77.625,90.625,44.75,294.5,21.375,146.5,7.7625,7.3625,7.325,7.5625,7.050000000000001,6.9125000000000005,7.162500000000001,7.575,6.075,5.9625,6.4875,7.25,6.9625,6.7375,7.000000000000001,7.4750000000000005,8.25,12.0,0.0,12.0,11413.625,474.125,1.25,0.0,0.0,0.0,12.25,28.5,13638.75,4256972.0,4119641316.0,40.68527596274999,-73.75273976975
29,30,430.6799336650083,465.9618573797678,429.7402985074627,1326.3820895522388,157.23183760683762,252.12393162393158,115.14999999999999,310.52688172043014,73.61179604261797,64.91179604261795,86.91920580374189,25.73759512937595,32.464872088583434,39.173896499238964,54.47640320733105,8.711263318112636,13.080794196258113,16.090715372907155,8.351293759512938,30.0,251.80374444956482,9.260485999495286,25.715644139142594,19.31227310128239,29.76072617899243,0.0,20112012.0,0.0,54.2111111111111,1221.5555555555557,220.55555555555554,16.133333333333333,125.11111111111111,7.988888888888888,281.77777777777777,24.86666666666666,124.22222222222223,10.444444444444445,607.2222222222222,43.52222222222222,204.44444444444446,20.788888888888884,604.1111111111111,44.77777777777778,617.4444444444445,55.22222222222222,89.0,85.44444444444444,42.333333333333336,963.4444444444445,63.111111111111114,318.77777777777777,8.222222222222221,7.444444444444445,7.433333333333333,7.699999999999999,7.5,6.655555555555555,6.911111111111111,7.533333333333333,7.033333333333333,6.166666666666667,6.844444444444444,7.511111111111112,7.577777777777778,6.744444444444445,7.077777777777778,7.58888888888889,8.444444444444445,12.0,0.0,12.0,11103.0,1123.3333333333333,2.5555555555555554,0.0,0.0,0.0,1.2222222222222223,25.11111111111111,52.77777777777778,4166018.222222222,4004830012.7777777,40.755398297666666,-73.93230589744445
30,31,457.5,472.5,452.5,1382.5,228.90865384615387,355.11153846153843,194.435,450.78709677419357,77.34530821917808,66.59530821917808,84.96364261168384,30.08191780821918,37.29419243986254,36.49325342465754,47.65938144329897,10.750068493150684,15.036357388316151,12.87582191780822,6.728082191780821,31.0,380.5283187134504,13.25128396972824,28.119728801169593,19.99549449604403,32.785641124871,0.0,20112012.0,0.0,38.309999999999995,1850.6,64.2,2.8600000000000003,301.5,16.71,177.7,10.299999999999999,307.3,18.270000000000003,418.7,22.170000000000005,938.7,48.809999999999995,948.5,52.089999999999996,902.1,47.91,88.9,91.3,43.5,1476.6,88.9,593.3,7.8,7.390000000000001,7.459999999999999,7.62,7.210000000000001,7.140000000000001,7.390000000000001,7.860000000000001,6.529999999999999,6.069999999999999,6.780000000000001,7.33,7.2,6.87,7.2,7.609999999999999,8.946537396121883,12.0,0.0,12.0,10307.1,1847.5,5.0,0.0,0.0,0.0,1.8,50.0,6752.5,5093752.1,5022487075.9,40.5956802591001,-74.12572598020002
31,32,371.5,385.8333333333333,362.1666666666667,1119.5,70.34294871794872,100.17948717948718,83.55833333333332,105.33333333333333,65.46666666666667,41.53333333333334,62.81666666666666,4.783333333333333,6.766666666666667,36.766666666666666,56.04999999999999,23.933333333333334,37.18333333333333,23.149999999999995,9.216666666666667,32.0,100.52561274509804,4.4505718954248366,22.479803921568628,17.936519607843135,26.816013071895426,0.0,20112012.0,0.0,82.86666666666667,420.8333333333333,79.5,18.533333333333335,67.5,15.65,6.333333333333333,1.75,82.0,19.833333333333336,326.1666666666667,76.85,3.8333333333333335,0.9666666666666667,217.83333333333334,51.71666666666667,203.0,48.28333333333333,75.66666666666667,72.33333333333333,34.666666666666664,312.8333333333333,22.333333333333332,137.83333333333334,8.35,8.049999999999999,7.883333333333333,8.216666666666667,7.050000000000001,6.166666666666667,6.8999999999999995,7.483333333333334,6.766666666666667,6.033333333333332,6.783333333333334,7.483333333333333,7.383333333333334,6.75,7.199999999999999,7.733333333333334,8.5,12.0,0.0,12.0,11231.666666666666,381.5,1.0,0.0,0.0,0.0,4.0,36.0,420.6666666666667,3131943.6666666665,3033185076.3333335,40.696295158,-73.91712351233333
